Name , Phone , E-mail,ID  
CC,33,cc.com,5463093c-8509-42ab-8bbe-8aaceaee438c
CC,333,ccc.com,3be5484a-6f5a-4e84-a076-189f47606864
ADA,141,ada.com,3ab4479d-c1d9-4467-9a1d-325496d6b4ff
DD,44,dd.com,9af25b9e-2d84-40f9-971f-5986457deca0
AAAA,1111,aaaa.com,0769d4b2-26e0-4507-ad64-02ec95294799
AA,111,aaa.com,b139e35b-6fcb-475a-9d8c-ffcd69db7f7c
FF,66,ff.com,10583708-ba18-4aa8-9897-b17720eb74c1
AA,11,aa.com,caa0a320-7e84-42b9-8e79-db387ec22425
HH,88,hh.com,f6622dd4-5791-411f-8af9-9037bb51d642
QQQ,101,qqq.com,bb8fcb65-8ae3-4925-9e68-0fca2fe4a6ae
EE,55,ee.com,4ba09854-58d5-4707-b92d-3947cff77239
AEA,151,aea.com,c0f518a4-1110-4428-a27f-fe1cb1f59695
AAA,111,aaa.com,995396f0-a5e7-4704-ae26-399f11bb2f52
III,999,iii.com,87f5e11f-e933-4eb2-91dd-c5685fe8a9bd
ACA,131,aca.com,2dc69987-91a3-4bed-879d-75ac5cd0d0de
ABA,121,aba.com,ecf8905a-3480-4bf4-a745-306364824d64
